Client,Gender,Race,Ethnicity,Veteran
130335,Female,Black/African American,Non-Hispanic/Non-Latino,No
363382,Male,Black/African American,Non-Hispanic/Non-Latino,No
165730,Male,Black/African American,Non-Hispanic/Non-Latino,No
403745,Male,Black/African American,Non-Hispanic/Non-Latino,No
381869,Female,White,Non-Hispanic/Non-Latino,No
397313,Female,Black/African American,Non-Hispanic/Non-Latino,No
185069,Female,Black/African American,Non-Hispanic/Non-Latino,No
399028,Female,White,Non-Hispanic/Non-Latino,No
324453,Male,Black/African American,Non-Hispanic/Non-Latino,No
395548,Female,Black/African American,Non-Hispanic/Non-Latino,No
251488,Male,Black/African American,Non-Hispanic/Non-Latino,No
395541,Male,Black/African American,Non-Hispanic/Non-Latino,No
381870,Male,White,Non-Hispanic/Non-Latino,No
318262,Male,Black/African American,Non-Hispanic/Non-Latino,No
309651,Male,Black/African American,Non-Hispanic/Non-Latino,No
333120,Male,Black/African American,Non-Hispanic/Non-Latino,No
314853,Female,White,Non-Hispanic/Non-Latino,No
386115,Female,Black/African American,Non-Hispanic/Non-Latino,No
399904,Male,Black/African American,Non-Hispanic/Non-Latino,No
394031,Male,Black/African American,Non-Hispanic/Non-Latino,No
402258,Male,Black/African American,Non-Hispanic/Non-Latino,No
383149,Male,Black/African American,Non-Hispanic/Non-Latino,No
387590,Male,Black/African American,Non-Hispanic/Non-Latino,No
225552,Male,Black/African American,Non-Hispanic/Non-Latino,No
262238,Male,Black/African American,Non-Hispanic/Non-Latino,No
384147,Male,White,Non-Hispanic/Non-Latino,No
382672,Male,Black/African American,Non-Hispanic/Non-Latino,No
384776,Male,Black/African American,Non-Hispanic/Non-Latino,No
166457,Male,Black/African American,Non-Hispanic/Non-Latino,No
187276,Male,Black/African American,Non-Hispanic/Non-Latino,No
217836,Male,Black/African American,Non-Hispanic/Non-Latino,No
402256,Male,White,Non-Hispanic/Non-Latino,No
296887,Male,Black/African American,Non-Hispanic/Non-Latino,No
195489,Male,Black/African American,Non-Hispanic/Non-Latino,No
402257,Male,Black/African American,Non-Hispanic/Non-Latino,No
330427,Male,Black/African American,Non-Hispanic/Non-Latino,No
402130,Male,Black/African American,Non-Hispanic/Non-Latino,No
387703,Male,Black/African American,Non-Hispanic/Non-Latino,No
370346,Male,Black/African American,Non-Hispanic/Non-Latino,No
280121,Male,Black/African American,Non-Hispanic/Non-Latino,No
373323,Male,American Indian or Alaska Native,Non-Hispanic/Non-Latino,No
281794,Male,White,Non-Hispanic/Non-Latino,No
288078,Male,Black/African American,Non-Hispanic/Non-Latino,No
253473,Male,Black/African American,Non-Hispanic/Non-Latino,No
399024,Male,Black/African American,Non-Hispanic/Non-Latino,No
408793,Male,Black/African American,Non-Hispanic/Non-Latino,No
169662,Male,Black/African American,Non-Hispanic/Non-Latino,No
395939,Male,White,Non-Hispanic/Non-Latino,No
172864,Female,Black/African American,Non-Hispanic/Non-Latino,No
278004,Female,Black/African American,Non-Hispanic/Non-Latino,No
375893,Female,White,Non-Hispanic/Non-Latino,No
173737,Female,Black/African American,Non-Hispanic/Non-Latino,No
313400,Female,Black/African American,Non-Hispanic/Non-Latino,No
260878,Female,White,Non-Hispanic/Non-Latino,No
169422,Male,Black/African American,Non-Hispanic/Non-Latino,No
409062,Male,White,Non-Hispanic/Non-Latino,No
103533,Male,Black/African American,Non-Hispanic/Non-Latino,No
403186,Male,Black/African American,Non-Hispanic/Non-Latino,No
194903,Male,Black/African American,Non-Hispanic/Non-Latino,No
322709,Female,Black/African American,Non-Hispanic/Non-Latino,No
409587,Male,White,Non-Hispanic/Non-Latino,No
207787,Female,Black/African American,Non-Hispanic/Non-Latino,No
409781,Female,White,Non-Hispanic/Non-Latino,No
190642,Male,Black/African American,Non-Hispanic/Non-Latino,No
90711,Male,Black/African American,Non-Hispanic/Non-Latino,No
404217,Male,Black/African American,Non-Hispanic/Non-Latino,No
399969,Female,Black/African American,Non-Hispanic/Non-Latino,No
410222,Male,White,Hispanic/Latino,No
210475,Male,Black/African American,Non-Hispanic/Non-Latino,No
320781,Male,White,Non-Hispanic/Non-Latino,No
410574,Male,White,Non-Hispanic/Non-Latino,No
2054,Female,White,Non-Hispanic/Non-Latino,No
198791,Male,Black/African American,Non-Hispanic/Non-Latino,No
411378,Male,Black/African American,Non-Hispanic/Non-Latino,No
385332,Male,Black/African American,Non-Hispanic/Non-Latino,No
2416,Male,Black/African American,Non-Hispanic/Non-Latino,No
411485,Male,Black/African American,Non-Hispanic/Non-Latino,No
411380,Female,Black/African American,Non-Hispanic/Non-Latino,No
411386,Female,Black/African American,Non-Hispanic/Non-Latino,No
355911,Female,Black/African American,Non-Hispanic/Non-Latino,No
392703,Male,Black/African American,Non-Hispanic/Non-Latino,No
299695,Male,White,Non-Hispanic/Non-Latino,No
172046,Male,Black/African American,Non-Hispanic/Non-Latino,No
340736,Male,Black/African American,Non-Hispanic/Non-Latino,No
272366,Male,Black/African American,Non-Hispanic/Non-Latino,No
412307,Male,Black/African American,Non-Hispanic/Non-Latino,No
172434,Male,White,Non-Hispanic/Non-Latino,No
167874,Male,White,Non-Hispanic/Non-Latino,No
167827,Male,Black/African American,Non-Hispanic/Non-Latino,No
389431,Male,Black/African American,Non-Hispanic/Non-Latino,No
381739,Male,Black/African American,Non-Hispanic/Non-Latino,No
412579,Female,Black/African American,Hispanic/Latino,No
160859,Male,American Indian or Alaska Native,Hispanic/Latino,No
412724,Male,Black/African American,Non-Hispanic/Non-Latino,No
412856,Female,White,Non-Hispanic/Non-Latino,No
10619,Male,Black/African American,Non-Hispanic/Non-Latino,No
412975,Male,Black/African American,Non-Hispanic/Non-Latino,No
171448,Male,Black/African American,Non-Hispanic/Non-Latino,No
275690,Male,Black/African American,Non-Hispanic/Non-Latino,No
361596,Male,Black/African American,Non-Hispanic/Non-Latino,No
199190,Female,Black/African American,Non-Hispanic/Non-Latino,No
271781,Male,Black/African American,Non-Hispanic/Non-Latino,No
218081,Male,Black/African American,Non-Hispanic/Non-Latino,No
396639,Female,Black/African American,Non-Hispanic/Non-Latino,No
413993,Male,Black/African American,Non-Hispanic/Non-Latino,No
168456,Male,Black/African American,Non-Hispanic/Non-Latino,No
175495,Male,Black/African American,Non-Hispanic/Non-Latino,No
106968,Male,Black/African American,Non-Hispanic/Non-Latino,No
204335,Male,Black/African American,Non-Hispanic/Non-Latino,No
249417,Male,Black/African American,Non-Hispanic/Non-Latino,No
162677,Female,Black/African American,Non-Hispanic/Non-Latino,No
164357,Female,Black/African American,Non-Hispanic/Non-Latino,No
415099,Male,American Indian or Alaska Native,Non-Hispanic/Non-Latino,No
415101,Female,White,Non-Hispanic/Non-Latino,No
415098,Female,Black/African American,Non-Hispanic/Non-Latino,No
415100,Female,Black/African American,Non-Hispanic/Non-Latino,No
16664,Male,Black/African American,Non-Hispanic/Non-Latino,No
217775,Female,Black/African American,Non-Hispanic/Non-Latino,No
415333,Female,Black/African American,Non-Hispanic/Non-Latino,No
329213,Male,White,Non-Hispanic/Non-Latino,No
415632,Male,White,Non-Hispanic/Non-Latino,No
415631,Male,Black/African American,Non-Hispanic/Non-Latino,No
171435,Male,Black/African American,Non-Hispanic/Non-Latino,No
415733,Female,Black/African American,Non-Hispanic/Non-Latino,No
415735,Male,Black/African American,Non-Hispanic/Non-Latino,No
95125,Female,Black/African American,Non-Hispanic/Non-Latino,No
317063,Male,Black/African American,Non-Hispanic/Non-Latino,No
322997,Male,White,Non-Hispanic/Non-Latino,No
415993,Male,Black/African American,Non-Hispanic/Non-Latino,No
176580,Female,Black/African American,Non-Hispanic/Non-Latino,No
415734,Male,White,Non-Hispanic/Non-Latino,No
415103,Male,Black/African American,Non-Hispanic/Non-Latino,No
258810,Female,American Indian or Alaska Native,Non-Hispanic/Non-Latino,No
416285,Female,Black/African American,Non-Hispanic/Non-Latino,No
115069,Male,Black/African American,Non-Hispanic/Non-Latino,No
231198,Male,Black/African American,Non-Hispanic/Non-Latino,No
217907,Male,Black/African American,Non-Hispanic/Non-Latino,No
416771,Male,Black/African American,Non-Hispanic/Non-Latino,No
368693,Male,White,Non-Hispanic/Non-Latino,No
290465,Male,Black/African American,Non-Hispanic/Non-Latino,No
355355,Male,Black/African American,Non-Hispanic/Non-Latino,No
416982,Male,Black/African American,Non-Hispanic/Non-Latino,No
385858,Male,Black/African American,Non-Hispanic/Non-Latino,No
284153,Male,Black/African American,Non-Hispanic/Non-Latino,No
417656,Male,Black/African American,Non-Hispanic/Non-Latino,No
276269,Male,Black/African American,Non-Hispanic/Non-Latino,No
305161,Male,Black/African American,Non-Hispanic/Non-Latino,No
418225,Male,Black/African American,Non-Hispanic/Non-Latino,No
199086,Female,White,Non-Hispanic/Non-Latino,No
133362,Male,Black/African American,Non-Hispanic/Non-Latino,No
418367,Male,White,Non-Hispanic/Non-Latino,No
418365,Male,Black/African American,Non-Hispanic/Non-Latino,No
19938,Male,Black/African American,Non-Hispanic/Non-Latino,No
128245,Female,White,Non-Hispanic/Non-Latino,No
418366,Female,White,Non-Hispanic/Non-Latino,No
167253,Female,Black/African American,Non-Hispanic/Non-Latino,No
177647,Male,White,Non-Hispanic/Non-Latino,No
2142,Male,Black/African American,Non-Hispanic/Non-Latino,No
418774,Female,Black/African American,Non-Hispanic/Non-Latino,No
158747,Male,Black/African American,Non-Hispanic/Non-Latino,No
401581,Female,White,Non-Hispanic/Non-Latino,No
419122,Male,White,Hispanic/Latino,No
419123,Male,American Indian or Alaska Native,Non-Hispanic/Non-Latino,No
248566,Male,Black/African American,Non-Hispanic/Non-Latino,No
75600,Male,Black/African American,Non-Hispanic/Non-Latino,No
419124,Male,Black/African American,Non-Hispanic/Non-Latino,No
419118,Female,Black/African American,Non-Hispanic/Non-Latino,No
383781,Female,Black/African American,Non-Hispanic/Non-Latino,No
419391,Male,Black/African American,Non-Hispanic/Non-Latino,No
84223,Male,Black/African American,Non-Hispanic/Non-Latino,No
419523,Male,Black/African American,Non-Hispanic/Non-Latino,No
279736,Male,Black/African American,Non-Hispanic/Non-Latino,No
192832,Male,Black/African American,Non-Hispanic/Non-Latino,No
419801,Male,Black/African American,Hispanic/Latino,No
210601,Male,Black/African American,Non-Hispanic/Non-Latino,No
316734,Male,Black/African American,Non-Hispanic/Non-Latino,No
179965,Male,White,Hispanic/Latino,No
419804,Male,White,Non-Hispanic/Non-Latino,No
419800,Female,Black/African American,Non-Hispanic/Non-Latino,No
139570,Female,Black/African American,Non-Hispanic/Non-Latino,No
158981,Male,Black/African American,Non-Hispanic/Non-Latino,No
379113,Male,Black/African American,Non-Hispanic/Non-Latino,No
420527,Female,Black/African American,Non-Hispanic/Non-Latino,No
289294,Female,Black/African American,Non-Hispanic/Non-Latino,No
218041,Female,Black/African American,Non-Hispanic/Non-Latino,No
288272,Male,Black/African American,Non-Hispanic/Non-Latino,No
420825,Trans Female,White,Non-Hispanic/Non-Latino,No
209331,Male,White,Hispanic/Latino,No
420702,Female,Black/African American,Non-Hispanic/Non-Latino,No
183537,Male,Black/African American,Non-Hispanic/Non-Latino,No
420897,Male,Black/African American,Non-Hispanic/Non-Latino,No
146403,Female,Black/African American,Non-Hispanic/Non-Latino,No
292185,Male,Black/African American,Non-Hispanic/Non-Latino,No
200794,Male,Black/African American,Non-Hispanic/Non-Latino,No
401403,Male,Black/African American,Non-Hispanic/Non-Latino,No
300220,Female,Black/African American,Non-Hispanic/Non-Latino,No
363433,Female,White,Non-Hispanic/Non-Latino,No
333763,Male,Black/African American,Non-Hispanic/Non-Latino,No
421939,Male,White,Non-Hispanic/Non-Latino,No
421938,Male,White,Non-Hispanic/Non-Latino,No
422042,Male,Black/African American,Non-Hispanic/Non-Latino,No
124639,Male,Black/African American,Non-Hispanic/Non-Latino,No
422213,Male,Black/African American,Non-Hispanic/Non-Latino,No
194795,Male,Black/African American,Non-Hispanic/Non-Latino,No
416696,Male,White,Non-Hispanic/Non-Latino,No
289580,Male,Black/African American,Non-Hispanic/Non-Latino,No
184737,Male,Black/African American,Non-Hispanic/Non-Latino,No
468555,Male,White,Hispanic/Latino,No
287048,Male,White,Hispanic/Latino,No
358124,Female,Black/African American,Non-Hispanic/Non-Latino,No
312758,Male,Black/African American,Non-Hispanic/Non-Latino,No
422786,Male,Black/African American,Non-Hispanic/Non-Latino,No
211088,Male,Black/African American,Non-Hispanic/Non-Latino,No
423089,Male,Black/African American,Non-Hispanic/Non-Latino,No
413940,Female,Black/African American,Non-Hispanic/Non-Latino,No
423292,Male,Black/African American,Non-Hispanic/Non-Latino,No
423291,Female,Black/African American,Non-Hispanic/Non-Latino,No
421826,Female,Black/African American,Non-Hispanic/Non-Latino,No
423563,Male,White,Non-Hispanic/Non-Latino,No
219636,Male,Black/African American,Non-Hispanic/Non-Latino,No
423732,Female,Black/African American,Non-Hispanic/Non-Latino,No
160327,Male,Black/African American,Non-Hispanic/Non-Latino,No
375650,Female,Black/African American,Non-Hispanic/Non-Latino,No
423879,Female,Black/African American,Non-Hispanic/Non-Latino,No
423932,Male,Black/African American,Non-Hispanic/Non-Latino,No
409250,Male,White,Non-Hispanic/Non-Latino,No
424071,Female,Black/African American,Non-Hispanic/Non-Latino,No
184832,Male,Black/African American,Non-Hispanic/Non-Latino,No
424404,Male,Black/African American,Non-Hispanic/Non-Latino,No
197176,Male,Black/African American,Non-Hispanic/Non-Latino,No
424403,Female,Black/African American,Non-Hispanic/Non-Latino,No
424809,Male,Black/African American,Non-Hispanic/Non-Latino,No
424997,Male,Black/African American,Non-Hispanic/Non-Latino,No
266721,Male,Black/African American,Non-Hispanic/Non-Latino,No
424996,Female,White,Non-Hispanic/Non-Latino,No
425365,Male,Black/African American,Non-Hispanic/Non-Latino,No
425364,Female,Black/African American,Non-Hispanic/Non-Latino,No
352986,Male,Black/African American,Non-Hispanic/Non-Latino,No
254693,Male,Black/African American,Non-Hispanic/Non-Latino,No
425710,Male,Black/African American,Non-Hispanic/Non-Latino,No
185515,Male,White,Non-Hispanic/Non-Latino,No
373473,Male,White,Non-Hispanic/Non-Latino,No
110192,Male,Black/African American,Non-Hispanic/Non-Latino,No
352684,Female,Black/African American,Non-Hispanic/Non-Latino,No
415399,Female,White,Non-Hispanic/Non-Latino,No
425704,Female,Black/African American,Non-Hispanic/Non-Latino,No
425991,Female,White,Non-Hispanic/Non-Latino,No
421596,Male,Black/African American,Non-Hispanic/Non-Latino,No
426303,Male,White,Non-Hispanic/Non-Latino,No
108279,Male,Black/African American,Non-Hispanic/Non-Latino,No
109426,Male,Black/African American,Non-Hispanic/Non-Latino,No
261739,Male,Black/African American,Non-Hispanic/Non-Latino,No
174801,Female,Black/African American,Non-Hispanic/Non-Latino,No
426508,Female,Black/African American,Non-Hispanic/Non-Latino,No
426506,Female,White,Non-Hispanic/Non-Latino,No
200387,Male,White,Non-Hispanic/Non-Latino,No
427284,Male,White,Non-Hispanic/Non-Latino,No
427134,Female,Black/African American,Non-Hispanic/Non-Latino,No
427360,Female,White,Non-Hispanic/Non-Latino,No
427640,Male,Black/African American,Non-Hispanic/Non-Latino,No
369309,Male,White,Non-Hispanic/Non-Latino,No
427731,Male,White,Non-Hispanic/Non-Latino,No
373971,Male,White,Non-Hispanic/Non-Latino,No
428209,Male,White,Non-Hispanic/Non-Latino,No
405331,Male,Black/African American,Non-Hispanic/Non-Latino,No
159422,Male,Black/African American,Non-Hispanic/Non-Latino,No
67161,Female,White,Non-Hispanic/Non-Latino,No
252170,Female,Black/African American,Non-Hispanic/Non-Latino,No
428596,Male,Black/African American,Non-Hispanic/Non-Latino,No
216598,Male,Black/African American,Non-Hispanic/Non-Latino,No
217728,Male,Black/African American,Non-Hispanic/Non-Latino,No
428703,Male,Black/African American,Hispanic/Latino,No
428792,Male,Black/African American,Non-Hispanic/Non-Latino,No
428793,Male,Black/African American,Non-Hispanic/Non-Latino,No
207502,Male,White,Non-Hispanic/Non-Latino,No
429152,Male,Black/African American,Non-Hispanic/Non-Latino,No
429149,Female,Black/African American,Non-Hispanic/Non-Latino,No
130671,Male,Black/African American,Non-Hispanic/Non-Latino,No
385886,Male,White,Non-Hispanic/Non-Latino,No
8993,Male,Black/African American,Non-Hispanic/Non-Latino,No
429485,Female,Black/African American,Non-Hispanic/Non-Latino,No
303733,Male,Black/African American,Non-Hispanic/Non-Latino,No
287330,Male,Black/African American,Non-Hispanic/Non-Latino,No
391862,Male,Black/African American,Non-Hispanic/Non-Latino,No
399892,Male,Black/African American,Non-Hispanic/Non-Latino,No
430243,Male,Black/African American,Non-Hispanic/Non-Latino,No
301121,Male,Black/African American,Non-Hispanic/Non-Latino,No
430244,Female,Black/African American,Non-Hispanic/Non-Latino,No
9728,Female,White,Non-Hispanic/Non-Latino,No
430325,Male,Black/African American,Non-Hispanic/Non-Latino,No
147927,Male,Black/African American,Non-Hispanic/Non-Latino,No
349279,Female,Black/African American,Non-Hispanic/Non-Latino,No
431031,Male,Black/African American,Non-Hispanic/Non-Latino,No
431032,Male,Black/African American,Non-Hispanic/Non-Latino,No
431161,Male,Black/African American,Non-Hispanic/Non-Latino,No
429484,Male,Black/African American,Non-Hispanic/Non-Latino,No
322898,Male,Black/African American,Non-Hispanic/Non-Latino,No
341525,Male,Black/African American,Non-Hispanic/Non-Latino,No
431450,Male,White,Non-Hispanic/Non-Latino,No
431448,Female,White,Non-Hispanic/Non-Latino,No
384356,Female,Black/African American,Non-Hispanic/Non-Latino,No
104087,Male,Black/African American,Non-Hispanic/Non-Latino,No
431858,Female,White,Non-Hispanic/Non-Latino,No
267315,Female,Black/African American,Non-Hispanic/Non-Latino,No
431954,Female,White,Non-Hispanic/Non-Latino,No
178701,Male,Black/African American,Non-Hispanic/Non-Latino,No
9273,Male,Black/African American,Non-Hispanic/Non-Latino,No
362889,Male,Black/African American,Non-Hispanic/Non-Latino,No
176973,Male,Black/African American,Non-Hispanic/Non-Latino,No
191960,Male,Black/African American,Non-Hispanic/Non-Latino,No
165623,Male,Black/African American,Non-Hispanic/Non-Latino,No
432681,Female,Black/African American,Non-Hispanic/Non-Latino,No
432679,Female,Black/African American,Non-Hispanic/Non-Latino,No
432970,Male,White,Non-Hispanic/Non-Latino,No
97518,Male,Black/African American,Non-Hispanic/Non-Latino,No
395315,Female,Black/African American,Non-Hispanic/Non-Latino,No
432969,Female,White,Non-Hispanic/Non-Latino,No
432407,Male,Black/African American,Non-Hispanic/Non-Latino,No
433097,Male,Black/African American,Non-Hispanic/Non-Latino,No
279075,Male,White,Non-Hispanic/Non-Latino,No
433289,Male,White,Hispanic/Latino,No
433377,Female,American Indian or Alaska Native,Non-Hispanic/Non-Latino,No
433461,Male,Black/African American,Non-Hispanic/Non-Latino,No
433565,Male,Black/African American,Non-Hispanic/Non-Latino,No
317391,Male,Black/African American,Non-Hispanic/Non-Latino,No
161265,Male,Black/African American,Non-Hispanic/Non-Latino,No
428593,Male,Black/African American,Non-Hispanic/Non-Latino,No
332883,Male,Black/African American,Non-Hispanic/Non-Latino,No
335566,Male,Black/African American,Non-Hispanic/Non-Latino,No
194645,Male,Black/African American,Non-Hispanic/Non-Latino,No
322489,Female,White,Non-Hispanic/Non-Latino,No
434697,Male,Black/African American,Non-Hispanic/Non-Latino,No
434698,Male,Black/African American,Non-Hispanic/Non-Latino,No
168637,Male,Black/African American,Non-Hispanic/Non-Latino,No
194756,Male,Black/African American,Non-Hispanic/Non-Latino,No
435077,Male,Black/African American,Non-Hispanic/Non-Latino,No
434958,Male,White,Non-Hispanic/Non-Latino,No
361515,Female,White,Non-Hispanic/Non-Latino,No
435403,Female,Black/African American,Non-Hispanic/Non-Latino,No
168762,Male,Black/African American,Non-Hispanic/Non-Latino,No
309677,Female,White,Non-Hispanic/Non-Latino,No
249916,Male,Black/African American,Non-Hispanic/Non-Latino,No
326073,Male,Black/African American,Non-Hispanic/Non-Latino,No
436421,Female,Black/African American,Non-Hispanic/Non-Latino,No
436995,Male,White,Non-Hispanic/Non-Latino,No
436993,Male,Black/African American,Non-Hispanic/Non-Latino,No
436994,Female,White,Non-Hispanic/Non-Latino,No
213477,Male,Black/African American,Non-Hispanic/Non-Latino,No
437377,Male,Black/African American,Non-Hispanic/Non-Latino,No
358806,Male,Black/African American,Non-Hispanic/Non-Latino,No
418563,Female,Black/African American,Non-Hispanic/Non-Latino,No
437666,Male,Black/African American,Non-Hispanic/Non-Latino,No
301301,Male,Black/African American,Non-Hispanic/Non-Latino,No
392904,Male,Black/African American,Non-Hispanic/Non-Latino,No
415679,Female,Black/African American,Non-Hispanic/Non-Latino,No
296552,Male,Black/African American,Non-Hispanic/Non-Latino,No
270573,Male,Black/African American,Non-Hispanic/Non-Latino,No
438076,Female,White,Non-Hispanic/Non-Latino,No
233619,Male,White,Hispanic/Latino,No
286400,Female,White,Non-Hispanic/Non-Latino,No
172866,Female,Black/African American,Non-Hispanic/Non-Latino,No
438933,Female,Black/African American,Non-Hispanic/Non-Latino,No
103591,Male,Black/African American,Non-Hispanic/Non-Latino,No
439545,Female,Black/African American,Non-Hispanic/Non-Latino,No
351045,Male,Black/African American,Non-Hispanic/Non-Latino,No
439857,Male,Black/African American,Non-Hispanic/Non-Latino,No
215080,Male,Black/African American,Non-Hispanic/Non-Latino,No
440231,Male,Black/African American,Non-Hispanic/Non-Latino,No
71472,Male,Black/African American,Non-Hispanic/Non-Latino,No
440335,Male,Black/African American,Non-Hispanic/Non-Latino,No
440604,Male,White,Non-Hispanic/Non-Latino,No
367206,Male,Black/African American,Non-Hispanic/Non-Latino,No
440820,Male,Black/African American,Non-Hispanic/Non-Latino,No
192056,Male,Black/African American,Non-Hispanic/Non-Latino,No
441070,Male,Black/African American,Non-Hispanic/Non-Latino,No
441221,Male,Black/African American,Non-Hispanic/Non-Latino,No
441507,Male,Black/African American,Non-Hispanic/Non-Latino,No
441505,Male,Black/African American,Non-Hispanic/Non-Latino,No
441508,Male,Black/African American,Non-Hispanic/Non-Latino,No
441636,Male,Black/African American,Non-Hispanic/Non-Latino,No
442102,Male,White,Non-Hispanic/Non-Latino,No
442103,Male,White,Non-Hispanic/Non-Latino,No
179707,Male,Black/African American,Non-Hispanic/Non-Latino,No
443459,Male,Black/African American,Non-Hispanic/Non-Latino,No
363080,Male,Black/African American,Non-Hispanic/Non-Latino,No
169008,Female,Black/African American,Non-Hispanic/Non-Latino,No
443933,Male,White,Non-Hispanic/Non-Latino,No
4201,Female,Black/African American,Non-Hispanic/Non-Latino,No
287618,Male,Black/African American,Non-Hispanic/Non-Latino,No
444910,Male,Black/African American,Non-Hispanic/Non-Latino,No
301864,Male,Black/African American,Non-Hispanic/Non-Latino,No
442949,Female,Black/African American,Non-Hispanic/Non-Latino,No
232698,Female,Black/African American,Non-Hispanic/Non-Latino,No
444974,Female,Black/African American,Non-Hispanic/Non-Latino,No
123044,Female,Black/African American,Non-Hispanic/Non-Latino,No
222730,Male,Black/African American,Non-Hispanic/Non-Latino,No
445162,Male,Black/African American,Non-Hispanic/Non-Latino,No
445161,Male,Black/African American,Non-Hispanic/Non-Latino,No
445155,Female,Black/African American,Non-Hispanic/Non-Latino,No
445154,Female,White,Non-Hispanic/Non-Latino,No
254217,Male,White,Non-Hispanic/Non-Latino,No
226914,Male,Black/African American,Non-Hispanic/Non-Latino,No
419929,Male,Black/African American,Non-Hispanic/Non-Latino,No
198059,Male,White,Non-Hispanic/Non-Latino,No
446077,Female,White,Non-Hispanic/Non-Latino,No
9647,Male,Black/African American,Non-Hispanic/Non-Latino,No
446392,Male,Black/African American,Non-Hispanic/Non-Latino,No
446388,Male,White,Non-Hispanic/Non-Latino,No
232921,Female,Black/African American,Non-Hispanic/Non-Latino,No
411719,Male,White,Non-Hispanic/Non-Latino,No
325687,Male,Black/African American,Non-Hispanic/Non-Latino,No
447152,Male,Black/African American,Non-Hispanic/Non-Latino,No
397658,Female,Black/African American,Non-Hispanic/Non-Latino,No
128052,Male,Black/African American,Non-Hispanic/Non-Latino,No
215048,Male,Black/African American,Non-Hispanic/Non-Latino,No
294203,Male,Black/African American,Non-Hispanic/Non-Latino,No
447283,Male,Black/African American,Non-Hispanic/Non-Latino,No
447383,Male,Black/African American,Non-Hispanic/Non-Latino,No
370324,Female,Black/African American,Non-Hispanic/Non-Latino,No
387175,Male,Black/African American,Non-Hispanic/Non-Latino,No
401982,Female,White,Non-Hispanic/Non-Latino,No
447680,Male,Black/African American,Non-Hispanic/Non-Latino,No
348582,Male,Black/African American,Non-Hispanic/Non-Latino,No
447809,Male,Black/African American,Non-Hispanic/Non-Latino,No
447807,Male,Black/African American,Non-Hispanic/Non-Latino,No
334705,Male,Black/African American,Non-Hispanic/Non-Latino,No
208659,Female,White,Non-Hispanic/Non-Latino,No
206895,Male,White,Non-Hispanic/Non-Latino,No
448175,Male,Black/African American,Non-Hispanic/Non-Latino,No
350748,Male,Black/African American,Non-Hispanic/Non-Latino,No
174737,Male,Black/African American,Non-Hispanic/Non-Latino,No
448688,Female,Black/African American,Non-Hispanic/Non-Latino,No
135107,Female,Black/African American,Non-Hispanic/Non-Latino,No
189803,Female,Black/African American,Non-Hispanic/Non-Latino,No
73679,Male,White,Non-Hispanic/Non-Latino,No
198803,Female,Black/African American,Non-Hispanic/Non-Latino,No
449483,Female,Black/African American,Non-Hispanic/Non-Latino,No
449484,Female,White,Non-Hispanic/Non-Latino,No
449670,Female,Black/African American,Non-Hispanic/Non-Latino,No
196740,Female,Black/African American,Non-Hispanic/Non-Latino,No
207506,Male,Black/African American,Non-Hispanic/Non-Latino,No
275918,Male,Black/African American,Non-Hispanic/Non-Latino,No
206862,Male,Black/African American,Non-Hispanic/Non-Latino,No
397538,Male,Black/African American,Non-Hispanic/Non-Latino,No
339258,Male,White,Non-Hispanic/Non-Latino,No
450717,Male,Black/African American,Non-Hispanic/Non-Latino,No
450719,Male,Black/African American,Non-Hispanic/Non-Latino,No
450723,Female,Black/African American,Non-Hispanic/Non-Latino,No
451207,Male,Black/African American,Non-Hispanic/Non-Latino,No
451491,Female,Black/African American,Non-Hispanic/Non-Latino,No
407414,Female,Black/African American,Non-Hispanic/Non-Latino,No
451796,Male,White,Non-Hispanic/Non-Latino,No
335270,Male,Black/African American,Non-Hispanic/Non-Latino,No
451900,Male,Black/African American,Non-Hispanic/Non-Latino,No
451901,Male,Black/African American,Non-Hispanic/Non-Latino,No
452111,Male,Black/African American,Non-Hispanic/Non-Latino,No
452193,Male,Black/African American,Non-Hispanic/Non-Latino,No
451176,Female,White,Non-Hispanic/Non-Latino,No
450898,Female,Black/African American,Non-Hispanic/Non-Latino,No
452582,Female,Black/African American,Non-Hispanic/Non-Latino,No
357475,Male,White,Non-Hispanic/Non-Latino,No
311126,Female,Black/African American,Non-Hispanic/Non-Latino,No
452931,Male,Black/African American,Non-Hispanic/Non-Latino,No
453206,Male,White,Non-Hispanic/Non-Latino,No
120098,Male,Black/African American,Non-Hispanic/Non-Latino,No
169426,Male,Black/African American,Non-Hispanic/Non-Latino,No
453690,Male,Black/African American,Non-Hispanic/Non-Latino,No
192790,Male,Black/African American,Non-Hispanic/Non-Latino,No
454320,Male,Black/African American,Non-Hispanic/Non-Latino,No
451680,Male,Black/African American,Non-Hispanic/Non-Latino,No
133728,Male,Black/African American,Non-Hispanic/Non-Latino,No
443138,Male,White,Non-Hispanic/Non-Latino,No
157427,Female,Black/African American,Non-Hispanic/Non-Latino,No
455002,Male,White,Hispanic/Latino,No
281041,Male,Black/African American,Non-Hispanic/Non-Latino,No
455112,Male,Black/African American,Non-Hispanic/Non-Latino,No
270571,Male,White,Non-Hispanic/Non-Latino,No
171340,Male,Black/African American,Non-Hispanic/Non-Latino,No
441891,Male,Black/African American,Non-Hispanic/Non-Latino,No
447760,Female,White,Non-Hispanic/Non-Latino,No
452667,Male,Black/African American,Non-Hispanic/Non-Latino,No
455254,Female,White,Non-Hispanic/Non-Latino,No
214111,Male,Black/African American,Non-Hispanic/Non-Latino,No
456554,Female,Black/African American,Non-Hispanic/Non-Latino,No
364437,Male,Black/African American,Non-Hispanic/Non-Latino,No
457200,Female,White,Non-Hispanic/Non-Latino,No
457295,Female,Black/African American,Non-Hispanic/Non-Latino,No
200622,Female,Black/African American,Non-Hispanic/Non-Latino,No
457430,Female,White,Non-Hispanic/Non-Latino,No
421698,Female,White,Non-Hispanic/Non-Latino,No
178324,Female,White,Non-Hispanic/Non-Latino,No
167933,Male,White,Non-Hispanic/Non-Latino,No
458217,Male,Black/African American,Non-Hispanic/Non-Latino,No
421503,Female,Black/African American,Non-Hispanic/Non-Latino,No
458221,Female,White,Non-Hispanic/Non-Latino,No
458308,Male,Black/African American,Non-Hispanic/Non-Latino,No
458307,Male,Black/African American,Non-Hispanic/Non-Latino,No
274547,Male,White,Non-Hispanic/Non-Latino,No
110973,Male,Black/African American,Non-Hispanic/Non-Latino,No
215739,Female,White,Non-Hispanic/Non-Latino,No
88294,Male,White,Non-Hispanic/Non-Latino,No
276087,Male,Black/African American,Non-Hispanic/Non-Latino,No
183775,Female,Black/African American,Non-Hispanic/Non-Latino,No
388135,Male,Black/African American,Non-Hispanic/Non-Latino,No
460180,Male,White,Non-Hispanic/Non-Latino,No
460325,Male,Black/African American,Non-Hispanic/Non-Latino,No
460322,Male,Black/African American,Non-Hispanic/Non-Latino,No
460324,Male,Black/African American,Non-Hispanic/Non-Latino,No
460494,Male,Black/African American,Non-Hispanic/Non-Latino,No
460493,Female,White,Non-Hispanic/Non-Latino,No
451981,Female,Black/African American,Non-Hispanic/Non-Latino,No
460680,Male,Black/African American,Non-Hispanic/Non-Latino,No
389683,Male,Black/African American,Non-Hispanic/Non-Latino,No
460751,Female,Black/African American,Non-Hispanic/Non-Latino,No
460752,Female,Black/African American,Non-Hispanic/Non-Latino,No
460931,Male,Black/African American,Non-Hispanic/Non-Latino,No
461064,Male,Black/African American,Non-Hispanic/Non-Latino,No
461331,Female,Black/African American,Non-Hispanic/Non-Latino,No
288686,Female,Black/African American,Non-Hispanic/Non-Latino,No
177187,Male,White,Non-Hispanic/Non-Latino,No
461539,Male,White,Hispanic/Latino,No
461540,Male,White,Non-Hispanic/Non-Latino,No
1001336,Male,Black/African American,Non-Hispanic/Non-Latino,No
461711,Female,Black/African American,Non-Hispanic/Non-Latino,No
205165,Male,White,Non-Hispanic/Non-Latino,No
291236,Female,Black/African American,Non-Hispanic/Non-Latino,No
462367,Female,Black/African American,Non-Hispanic/Non-Latino,No
462600,Male,Black/African American,Non-Hispanic/Non-Latino,No
462598,Male,Black/African American,Non-Hispanic/Non-Latino,No
462599,Male,Black/African American,Non-Hispanic/Non-Latino,No
345932,Male,Black/African American,Non-Hispanic/Non-Latino,No
462809,Male,Black/African American,Non-Hispanic/Non-Latino,No
285806,Male,Black/African American,Non-Hispanic/Non-Latino,No
462808,Female,Black/African American,Non-Hispanic/Non-Latino,No
226049,Male,Black/African American,Non-Hispanic/Non-Latino,No
463114,Male,White,Non-Hispanic/Non-Latino,No
457893,Male,Black/African American,Non-Hispanic/Non-Latino,No
459027,Male,Black/African American,Non-Hispanic/Non-Latino,No
463515,Male,Black/African American,Non-Hispanic/Non-Latino,No
280135,Male,Black/African American,Non-Hispanic/Non-Latino,No
463800,Male,Black/African American,Non-Hispanic/Non-Latino,No
452762,Female,Black/African American,Non-Hispanic/Non-Latino,No
168634,Male,Black/African American,Non-Hispanic/Non-Latino,No
463843,Male,Black/African American,Non-Hispanic/Non-Latino,No
218215,Female,White,Non-Hispanic/Non-Latino,No
464164,Male,Black/African American,Non-Hispanic/Non-Latino,No
464163,Male,Black/African American,Non-Hispanic/Non-Latino,No
353253,Male,Black/African American,Non-Hispanic/Non-Latino,No
387424,Male,Black/African American,Non-Hispanic/Non-Latino,No
464822,Male,White,Non-Hispanic/Non-Latino,No
464823,Male,White,Non-Hispanic/Non-Latino,No
464827,Female,Black/African American,Non-Hispanic/Non-Latino,No
464948,Female,Black/African American,Non-Hispanic/Non-Latino,No
465430,Female,Black/African American,Non-Hispanic/Non-Latino,No
365126,Female,Black/African American,Non-Hispanic/Non-Latino,No
465624,Female,Black/African American,Non-Hispanic/Non-Latino,No
465903,Male,Black/African American,Non-Hispanic/Non-Latino,No
152288,Female,Black/African American,Hispanic/Latino,No
467120,Male,White,Non-Hispanic/Non-Latino,No
106490,Male,Black/African American,Non-Hispanic/Non-Latino,No
467133,Male,Black/African American,Non-Hispanic/Non-Latino,No
467137,Male,Black/African American,Non-Hispanic/Non-Latino,No
178445,Male,Black/African American,Non-Hispanic/Non-Latino,No
467633,Male,Black/African American,Non-Hispanic/Non-Latino,No
264105,Male,Black/African American,Non-Hispanic/Non-Latino,No
366093,Female,Black/African American,Non-Hispanic/Non-Latino,No
468179,Male,Black/African American,Hispanic/Latino,No
468177,Male,White,Non-Hispanic/Non-Latino,No
279552,Male,Black/African American,Non-Hispanic/Non-Latino,No
466391,Male,Black/African American,Non-Hispanic/Non-Latino,No
185474,Male,Black/African American,Non-Hispanic/Non-Latino,No
468562,Female,White,Non-Hispanic/Non-Latino,No
81173,Male,Black/African American,Non-Hispanic/Non-Latino,No
318722,Male,Black/African American,Non-Hispanic/Non-Latino,No
463514,Male,Black/African American,Non-Hispanic/Non-Latino,No
469689,Male,Black/African American,Non-Hispanic/Non-Latino,No
469688,Male,White,Non-Hispanic/Non-Latino,No
380554,Male,White,Non-Hispanic/Non-Latino,No
469821,Male,White,Non-Hispanic/Non-Latino,No
318721,Male,American Indian or Alaska Native,Non-Hispanic/Non-Latino,No
470290,Male,Black/African American,Non-Hispanic/Non-Latino,No
470402,Female,Black/African American,Non-Hispanic/Non-Latino,No
177232,Female,Black/African American,Non-Hispanic/Non-Latino,No
286837,Female,Black/African American,Non-Hispanic/Non-Latino,No
81556,Male,Black/African American,Non-Hispanic/Non-Latino,No
464307,Female,Black/African American,Non-Hispanic/Non-Latino,No
465810,Female,Black/African American,Non-Hispanic/Non-Latino,No
169498,Male,Black/African American,Non-Hispanic/Non-Latino,No
471315,Female,Black/African American,Non-Hispanic/Non-Latino,No
219671,Male,Black/African American,Non-Hispanic/Non-Latino,No
162032,Male,Black/African American,Non-Hispanic/Non-Latino,No
472573,Male,Black/African American,Non-Hispanic/Non-Latino,No
1097,Male,Black/African American,Non-Hispanic/Non-Latino,No
218168,Female,Black/African American,Non-Hispanic/Non-Latino,No
473525,Female,White,Non-Hispanic/Non-Latino,No
473521,Female,White,Non-Hispanic/Non-Latino,No
415235,Male,White,Non-Hispanic/Non-Latino,No
175551,Male,Native Hawaiian/Pacific Islander,Hispanic/Latino,No
473523,Male,Black/African American,Non-Hispanic/Non-Latino,No
473630,Male,Black/African American,Non-Hispanic/Non-Latino,No
330916,Female,Black/African American,Non-Hispanic/Non-Latino,No
473723,Male,Black/African American,Non-Hispanic/Non-Latino,No
468158,Male,White,Non-Hispanic/Non-Latino,No
474120,Male,Black/African American,Non-Hispanic/Non-Latino,No
474121,Male,Black/African American,Non-Hispanic/Non-Latino,No
474416,Female,Black/African American,Non-Hispanic/Non-Latino,No
474517,Female,White,Non-Hispanic/Non-Latino,No
468757,Male,Black/African American,Non-Hispanic/Non-Latino,No
474593,Male,Black/African American,Non-Hispanic/Non-Latino,No
474631,Female,White,Non-Hispanic/Non-Latino,No
474630,Male,Black/African American,Non-Hispanic/Non-Latino,No
474632,Male,Black/African American,Non-Hispanic/Non-Latino,No
474854,Male,Black/African American,Non-Hispanic/Non-Latino,No
364915,Male,White,Non-Hispanic/Non-Latino,No
475701,Male,White,Non-Hispanic/Non-Latino,No
147114,Female,White,Non-Hispanic/Non-Latino,No
430061,Female,American Indian or Alaska Native,Non-Hispanic/Non-Latino,No
475362,Male,White,Non-Hispanic/Non-Latino,No
411392,Male,Black/African American,Non-Hispanic/Non-Latino,No
124181,Male,Black/African American,Non-Hispanic/Non-Latino,No
179356,Male,White,Non-Hispanic/Non-Latino,No
309393,Male,Black/African American,Non-Hispanic/Non-Latino,No
271290,Male,Black/African American,Non-Hispanic/Non-Latino,No
476599,Female,White,Non-Hispanic/Non-Latino,No
476865,Male,White,Non-Hispanic/Non-Latino,No
472730,Male,Black/African American,Non-Hispanic/Non-Latino,No
477001,Male,Black/African American,Non-Hispanic/Non-Latino,No
477002,Male,Black/African American,Non-Hispanic/Non-Latino,No
477092,Female,Black/African American,Non-Hispanic/Non-Latino,No
477242,Male,Black/African American,Non-Hispanic/Non-Latino,No
477245,Female,Black/African American,Non-Hispanic/Non-Latino,No
278464,Male,Black/African American,Non-Hispanic/Non-Latino,No
184123,Female,Black/African American,Non-Hispanic/Non-Latino,No
476451,Male,Black/African American,Non-Hispanic/Non-Latino,No
477611,Male,Black/African American,Non-Hispanic/Non-Latino,No
477723,Male,Black/African American,Non-Hispanic/Non-Latino,No
420459,Male,Black/African American,Non-Hispanic/Non-Latino,No
432549,Male,Black/African American,Non-Hispanic/Non-Latino,No
478304,Male,Black/African American,Non-Hispanic/Non-Latino,No
294651,Female,Black/African American,Non-Hispanic/Non-Latino,No
334029,Female,Black/African American,Non-Hispanic/Non-Latino,No
393430,Female,Black/African American,Non-Hispanic/Non-Latino,No
180890,Male,Black/African American,Non-Hispanic/Non-Latino,No
478893,Male,Black/African American,Non-Hispanic/Non-Latino,No
478891,Male,White,Non-Hispanic/Non-Latino,No
479753,Male,Black/African American,Non-Hispanic/Non-Latino,No
333756,Male,Black/African American,Non-Hispanic/Non-Latino,No
479754,Male,Black/African American,Non-Hispanic/Non-Latino,No
479760,Male,Black/African American,Non-Hispanic/Non-Latino,No
466502,Female,Black/African American,Non-Hispanic/Non-Latino,No
479757,Female,Black/African American,Non-Hispanic/Non-Latino,No
479756,Female,Black/African American,Non-Hispanic/Non-Latino,No
173479,Male,White,Non-Hispanic/Non-Latino,No
479983,Male,Native Hawaiian/Pacific Islander,Non-Hispanic/Non-Latino,No
162631,Male,Black/African American,Non-Hispanic/Non-Latino,No
481016,Male,Black/African American,Non-Hispanic/Non-Latino,No
481015,Male,Black/African American,Non-Hispanic/Non-Latino,No
360593,Male,Black/African American,Non-Hispanic/Non-Latino,No
2458,Male,Black/African American,Non-Hispanic/Non-Latino,No
481111,Male,Black/African American,Non-Hispanic/Non-Latino,No
134851,Male,Black/African American,Non-Hispanic/Non-Latino,No
481110,Male,American Indian or Alaska Native,Non-Hispanic/Non-Latino,No
481378,Male,Black/African American,Non-Hispanic/Non-Latino,No
198146,Male,White,Non-Hispanic/Non-Latino,No
199637,Male,Black/African American,Non-Hispanic/Non-Latino,No
481377,Female,Black/African American,Non-Hispanic/Non-Latino,No
481515,Trans Female,Black/African American,Non-Hispanic/Non-Latino,No
164980,Female,White,Non-Hispanic/Non-Latino,No
344680,Male,Black/African American,Non-Hispanic/Non-Latino,No
482008,Male,White,Non-Hispanic/Non-Latino,No
479279,Male,Black/African American,Non-Hispanic/Non-Latino,No
482007,Male,Black/African American,Non-Hispanic/Non-Latino,No
184122,Female,Black/African American,Non-Hispanic/Non-Latino,No
201868,Female,Black/African American,Non-Hispanic/Non-Latino,No
481382,Male,Black/African American,Hispanic/Latino,No
418524,Female,Black/African American,Non-Hispanic/Non-Latino,No
479359,Female,Black/African American,Non-Hispanic/Non-Latino,No
479292,Male,Black/African American,Non-Hispanic/Non-Latino,No
316494,Male,White,Non-Hispanic/Non-Latino,No
283791,Male,Black/African American,Non-Hispanic/Non-Latino,No
405886,Female,White,Non-Hispanic/Non-Latino,No
484080,Male,Black/African American,Non-Hispanic/Non-Latino,No
218475,Male,Black/African American,Non-Hispanic/Non-Latino,No
174821,Female,Black/African American,Non-Hispanic/Non-Latino,No
484927,Male,Black/African American,Non-Hispanic/Non-Latino,No
485129,Male,White,Non-Hispanic/Non-Latino,No
485223,Male,Black/African American,Non-Hispanic/Non-Latino,No
434832,Male,Black/African American,Non-Hispanic/Non-Latino,No
340231,Female,Black/African American,Non-Hispanic/Non-Latino,No
153907,Female,White,Non-Hispanic/Non-Latino,No
485472,Male,American Indian or Alaska Native,Non-Hispanic/Non-Latino,No
495393,Female,Black/African American,Non-Hispanic/Non-Latino,No
314203,Male,White,Non-Hispanic/Non-Latino,No
214669,Male,Black/African American,Non-Hispanic/Non-Latino,No
481784,Female,Black/African American,Non-Hispanic/Non-Latino,No
485955,Female,White,Non-Hispanic/Non-Latino,No
486862,Male,Black/African American,Non-Hispanic/Non-Latino,No
487060,Male,Black/African American,Non-Hispanic/Non-Latino,No
487375,Female,Black/African American,Non-Hispanic/Non-Latino,No
487665,Male,Black/African American,Non-Hispanic/Non-Latino,No
487911,Female,Black/African American,Non-Hispanic/Non-Latino,No
320994,Male,Black/African American,Non-Hispanic/Non-Latino,No
257614,Female,White,Non-Hispanic/Non-Latino,No
15513,Male,Black/African American,Non-Hispanic/Non-Latino,No
488240,Male,White,Non-Hispanic/Non-Latino,No
488736,Male,White,Non-Hispanic/Non-Latino,No
488737,Female,White,Non-Hispanic/Non-Latino,No
230119,Male,Black/African American,Non-Hispanic/Non-Latino,No
387589,Female,Black/African American,Non-Hispanic/Non-Latino,No
489122,Male,Black/African American,Non-Hispanic/Non-Latino,No
489666,Male,Black/African American,Non-Hispanic/Non-Latino,No
110517,Male,Black/African American,Non-Hispanic/Non-Latino,No
489790,Male,White,Non-Hispanic/Non-Latino,No
489875,Male,White,Non-Hispanic/Non-Latino,No
298422,Male,White,Non-Hispanic/Non-Latino,No
490732,Female,White,Hispanic/Latino,No
202524,Male,Black/African American,Non-Hispanic/Non-Latino,No
490730,Male,Black/African American,Non-Hispanic/Non-Latino,No
386564,Male,Black/African American,Non-Hispanic/Non-Latino,No
467749,Female,Black/African American,Non-Hispanic/Non-Latino,No
220296,Female,Black/African American,Non-Hispanic/Non-Latino,No
96440,Female,Black/African American,Non-Hispanic/Non-Latino,No
492054,Male,Black/African American,Non-Hispanic/Non-Latino,No
296817,Female,White,Non-Hispanic/Non-Latino,No
492213,Male,Black/African American,Non-Hispanic/Non-Latino,No
485403,Female,Black/African American,Non-Hispanic/Non-Latino,No
492595,Female,Black/African American,Non-Hispanic/Non-Latino,No
217790,Female,Black/African American,Non-Hispanic/Non-Latino,No
349449,Male,Black/African American,Non-Hispanic/Non-Latino,No
493023,Male,Black/African American,Non-Hispanic/Non-Latino,No
275228,Female,White,Non-Hispanic/Non-Latino,No
166240,Female,Black/African American,Non-Hispanic/Non-Latino,No
493799,Male,Black/African American,Non-Hispanic/Non-Latino,No
494064,Male,Black/African American,Non-Hispanic/Non-Latino,No
204290,Female,Black/African American,Non-Hispanic/Non-Latino,No
493723,Female,Black/African American,Non-Hispanic/Non-Latino,No
494261,Male,Black/African American,Non-Hispanic/Non-Latino,No
178760,Female,Black/African American,Non-Hispanic/Non-Latino,No
494262,Female,Black/African American,Non-Hispanic/Non-Latino,No
495022,Female,Black/African American,Non-Hispanic/Non-Latino,No
495985,Male,Black/African American,Non-Hispanic/Non-Latino,No
496402,Male,Black/African American,Non-Hispanic/Non-Latino,No
497056,Female,Black/African American,Non-Hispanic/Non-Latino,No
497406,Male,Black/African American,Non-Hispanic/Non-Latino,No
204770,Male,White,Hispanic/Latino,No
498539,Female,White,Non-Hispanic/Non-Latino,No
275833,Male,Black/African American,Non-Hispanic/Non-Latino,No
498577,Female,White,Non-Hispanic/Non-Latino,No
498604,Male,Black/African American,Non-Hispanic/Non-Latino,No
152503,Female,White,Non-Hispanic/Non-Latino,No
26624,Male,Black/African American,Non-Hispanic/Non-Latino,No
259367,Male,Black/African American,Non-Hispanic/Non-Latino,No
499237,Female,Black/African American,Non-Hispanic/Non-Latino,No
159188,Male,Black/African American,Non-Hispanic/Non-Latino,No
499239,Male,Black/African American,Non-Hispanic/Non-Latino,No
194712,Female,White,Non-Hispanic/Non-Latino,No
499578,Female,Black/African American,Non-Hispanic/Non-Latino,No
417907,Female,White,Non-Hispanic/Non-Latino,No
373160,Female,Black/African American,Non-Hispanic/Non-Latino,No
486416,Male,Black/African American,Non-Hispanic/Non-Latino,No
218579,Female,White,Non-Hispanic/Non-Latino,No
500604,Male,Black/African American,Non-Hispanic/Non-Latino,No
371020,Male,Black/African American,Non-Hispanic/Non-Latino,No
500803,Male,Black/African American,Non-Hispanic/Non-Latino,No
500865,Male,Black/African American,Non-Hispanic/Non-Latino,No
473014,Male,Black/African American,Non-Hispanic/Non-Latino,No
499579,Male,Black/African American,Non-Hispanic/Non-Latino,No
501202,Female,Black/African American,Non-Hispanic/Non-Latino,No
501347,Female,Black/African American,Non-Hispanic/Non-Latino,No
501345,Female,White,Non-Hispanic/Non-Latino,No
501460,Male,Black/African American,Non-Hispanic/Non-Latino,No
289783,Male,Black/African American,Non-Hispanic/Non-Latino,No
147955,Female,Black/African American,Non-Hispanic/Non-Latino,No
499959,Female,Black/African American,Non-Hispanic/Non-Latino,No
279539,Female,Black/African American,Non-Hispanic/Non-Latino,No
133428,Male,Black/African American,Non-Hispanic/Non-Latino,No
503355,Male,Black/African American,Non-Hispanic/Non-Latino,No
416074,Male,Black/African American,Non-Hispanic/Non-Latino,No
503404,Male,Black/African American,Non-Hispanic/Non-Latino,No
377361,Male,Black/African American,Non-Hispanic/Non-Latino,No
506343,Male,Black/African American,Non-Hispanic/Non-Latino,No
506360,Female,Black/African American,Non-Hispanic/Non-Latino,No
19229,Male,Black/African American,Non-Hispanic/Non-Latino,No
503164,Male,Black/African American,Non-Hispanic/Non-Latino,No
177392,Male,Black/African American,Non-Hispanic/Non-Latino,No
507760,Female,White,Non-Hispanic/Non-Latino,No
353160,Female,Black/African American,Non-Hispanic/Non-Latino,No
508715,Male,Black/African American,Non-Hispanic/Non-Latino,No
508716,Male,Black/African American,Non-Hispanic/Non-Latino,No
508718,Male,Black/African American,Non-Hispanic/Non-Latino,No
2465,Male,Black/African American,Non-Hispanic/Non-Latino,No
498153,Male,White,Non-Hispanic/Non-Latino,No
483566,Male,White,Non-Hispanic/Non-Latino,No
508724,Male,Black/African American,Non-Hispanic/Non-Latino,No
508723,Male,White,Non-Hispanic/Non-Latino,No
508797,Male,Black/African American,Non-Hispanic/Non-Latino,No
508838,Female,Black/African American,Non-Hispanic/Non-Latino,No
509239,Female,Black/African American,Non-Hispanic/Non-Latino,No
309394,Male,Black/African American,Non-Hispanic/Non-Latino,No
509654,Female,White,Non-Hispanic/Non-Latino,No
169182,Male,Black/African American,Non-Hispanic/Non-Latino,No
509783,Male,Black/African American,Non-Hispanic/Non-Latino,No
198302,Male,White,Non-Hispanic/Non-Latino,No
510454,Female,Black/African American,Non-Hispanic/Non-Latino,No
444764,Female,Black/African American,Non-Hispanic/Non-Latino,No
510543,Male,Black/African American,Non-Hispanic/Non-Latino,No
75599,Male,Black/African American,Non-Hispanic/Non-Latino,No
510912,Male,Black/African American,Non-Hispanic/Non-Latino,No
162560,Male,Black/African American,Non-Hispanic/Non-Latino,No
248984,Female,Black/African American,Non-Hispanic/Non-Latino,No
284920,Male,Black/African American,Non-Hispanic/Non-Latino,No
363624,Female,White,Non-Hispanic/Non-Latino,No
1000110,Female,White,Non-Hispanic/Non-Latino,No
1000112,Female,Black/African American,Non-Hispanic/Non-Latino,No
227732,Male,Black/African American,Non-Hispanic/Non-Latino,No
1000135,Female,Black/African American,Non-Hispanic/Non-Latino,No
181293,Male,Black/African American,Non-Hispanic/Non-Latino,No
1000005,Male,Black/African American,Non-Hispanic/Non-Latino,No
1000452,Male,Black/African American,Non-Hispanic/Non-Latino,No
1000750,Male,Black/African American,Hispanic/Latino,No
311660,Male,Black/African American,Non-Hispanic/Non-Latino,No
217257,Male,Black/African American,Non-Hispanic/Non-Latino,No
350852,Male,Black/African American,Non-Hispanic/Non-Latino,No
467639,Female,White,Non-Hispanic/Non-Latino,No
205139,Male,Black/African American,Non-Hispanic/Non-Latino,No
415015,Male,Black/African American,Non-Hispanic/Non-Latino,No
1001534,Male,Black/African American,Non-Hispanic/Non-Latino,No
384883,Male,Black/African American,Hispanic/Latino,No
379949,Female,Black/African American,Non-Hispanic/Non-Latino,No
1001777,Female,Black/African American,Non-Hispanic/Non-Latino,No
172878,Male,Black/African American,Non-Hispanic/Non-Latino,No
205865,Female,Black/African American,Non-Hispanic/Non-Latino,No
175906,Male,Black/African American,Non-Hispanic/Non-Latino,No
1002007,Male,White,Hispanic/Latino,No
1002210,Female,White,Non-Hispanic/Non-Latino,No
159852,Male,Black/African American,Non-Hispanic/Non-Latino,No
1002246,Male,Black/African American,Non-Hispanic/Non-Latino,No
1002377,Female,Black/African American,Non-Hispanic/Non-Latino,No
1002547,Male,Black/African American,Non-Hispanic/Non-Latino,No
418916,Male,White,Non-Hispanic/Non-Latino,No
130847,Female,White,Non-Hispanic/Non-Latino,No
135019,Female,White,Non-Hispanic/Non-Latino,No
75972,Male,Black/African American,Non-Hispanic/Non-Latino,No
212660,Male,White,Non-Hispanic/Non-Latino,No
113675,Female,White,Non-Hispanic/Non-Latino,No
1003175,Female,White,Non-Hispanic/Non-Latino,No
300487,Male,Black/African American,Non-Hispanic/Non-Latino,No
1003407,Male,Black/African American,Non-Hispanic/Non-Latino,No
143887,Female,White,Non-Hispanic/Non-Latino,No
1003567,Male,Black/African American,Non-Hispanic/Non-Latino,No
1003586,Female,Black/African American,Non-Hispanic/Non-Latino,No
1003614,Male,Black/African American,Non-Hispanic/Non-Latino,No
1003627,Male,Black/African American,Non-Hispanic/Non-Latino,No
384548,Male,Black/African American,Non-Hispanic/Non-Latino,No
180564,Male,Black/African American,Non-Hispanic/Non-Latino,No
1001409,Female,Black/African American,Non-Hispanic/Non-Latino,No
91355,Male,Black/African American,Non-Hispanic/Non-Latino,No
456071,Female,Black/African American,Non-Hispanic/Non-Latino,No
386841,Female,Black/African American,Non-Hispanic/Non-Latino,No
109242,Male,Black/African American,Non-Hispanic/Non-Latino,No
124396,Female,Black/African American,Non-Hispanic/Non-Latino,No
389688,Female,Black/African American,Non-Hispanic/Non-Latino,No
389686,Female,Black/African American,Non-Hispanic/Non-Latino,No
380246,Female,Black/African American,Non-Hispanic/Non-Latino,No
389691,Male,Black/African American,Non-Hispanic/Non-Latino,No
357728,Male,Black/African American,Non-Hispanic/Non-Latino,No
272499,Trans Female,Black/African American,Non-Hispanic/Non-Latino,No
390076,Male,Black/African American,Non-Hispanic/Non-Latino,No
390199,Male,Black/African American,Non-Hispanic/Non-Latino,No
390406,Male,Black/African American,Non-Hispanic/Non-Latino,No
318609,Male,Black/African American,Non-Hispanic/Non-Latino,No
390827,Female,Black/African American,Non-Hispanic/Non-Latino,No
391343,Female,Black/African American,Non-Hispanic/Non-Latino,No
192021,Female,White,Non-Hispanic/Non-Latino,No
172627,Female,White,Non-Hispanic/Non-Latino,No
287476,Male,Black/African American,Non-Hispanic/Non-Latino,No
392119,Male,Black/African American,Non-Hispanic/Non-Latino,No
392384,Female,Black/African American,Non-Hispanic/Non-Latino,No
88229,Female,White,Non-Hispanic/Non-Latino,No
206814,Male,Black/African American,Non-Hispanic/Non-Latino,No
218171,Male,Black/African American,Non-Hispanic/Non-Latino,No
393039,Female,Black/African American,Non-Hispanic/Non-Latino,No
270976,Male,Black/African American,Non-Hispanic/Non-Latino,No
359796,Female,Black/African American,Non-Hispanic/Non-Latino,No
373190,Female,Black/African American,Non-Hispanic/Non-Latino,No
393541,Male,White,Non-Hispanic/Non-Latino,No
393810,Male,White,Hispanic/Latino,No
123153,Male,Black/African American,Non-Hispanic/Non-Latino,No
216983,Female,Black/African American,Non-Hispanic/Non-Latino,No
149595,Male,Black/African American,Non-Hispanic/Non-Latino,No
195816,Female,Black/African American,Non-Hispanic/Non-Latino,No
290980,Male,Black/African American,Non-Hispanic/Non-Latino,No
395019,Female,Black/African American,Non-Hispanic/Non-Latino,No
130576,Male,Black/African American,Non-Hispanic/Non-Latino,No
370204,Male,Black/African American,Non-Hispanic/Non-Latino,No
343490,Female,Black/African American,Non-Hispanic/Non-Latino,No
314056,Male,Black/African American,Non-Hispanic/Non-Latino,No
394581,Female,White,Non-Hispanic/Non-Latino,No
217680,Female,Black/African American,Non-Hispanic/Non-Latino,No
248846,Male,Black/African American,Non-Hispanic/Non-Latino,No
201818,Female,Black/African American,Non-Hispanic/Non-Latino,No
464874,Female,Black/African American,Non-Hispanic/Non-Latino,No
397201,Female,Black/African American,Non-Hispanic/Non-Latino,No
285041,Female,Black/African American,Non-Hispanic/Non-Latino,No
397426,Male,Black/African American,Non-Hispanic/Non-Latino,No
397767,Male,Black/African American,Non-Hispanic/Non-Latino,No
287399,Male,Black/African American,Non-Hispanic/Non-Latino,No
298245,Female,Black/African American,Non-Hispanic/Non-Latino,No
176430,Female,White,Non-Hispanic/Non-Latino,No
399249,Male,Black/African American,Non-Hispanic/Non-Latino,No
251086,Male,Black/African American,Non-Hispanic/Non-Latino,No
172231,Male,Black/African American,Non-Hispanic/Non-Latino,No
399342,Male,Black/African American,Non-Hispanic/Non-Latino,No
67950,Male,Black/African American,Non-Hispanic/Non-Latino,No
399903,Male,Black/African American,Non-Hispanic/Non-Latino,No
400076,Female,White,Non-Hispanic/Non-Latino,No
398927,Male,Black/African American,Non-Hispanic/Non-Latino,No
213268,Male,Black/African American,Non-Hispanic/Non-Latino,No
401494,Male,Black/African American,Non-Hispanic/Non-Latino,No
367659,Female,Black/African American,Non-Hispanic/Non-Latino,No
401492,Female,Black/African American,Non-Hispanic/Non-Latino,No
401629,Female,White,Non-Hispanic/Non-Latino,No
401866,Male,Black/African American,Non-Hispanic/Non-Latino,No
402129,Female,White,Non-Hispanic/Non-Latino,No
402534,Female,Black/African American,Non-Hispanic/Non-Latino,No
230111,Male,Black/African American,Non-Hispanic/Non-Latino,No
267123,Male,Black/African American,Non-Hispanic/Non-Latino,No
405095,Trans Female,White,Non-Hispanic/Non-Latino,No
351468,Male,American Indian or Alaska Native,Non-Hispanic/Non-Latino,No
405932,Male,Black/African American,Non-Hispanic/Non-Latino,No
336186,Female,American Indian or Alaska Native,Non-Hispanic/Non-Latino,No
285066,Male,Black/African American,Non-Hispanic/Non-Latino,No
378316,Female,Black/African American,Non-Hispanic/Non-Latino,No
382674,Female,Black/African American,Non-Hispanic/Non-Latino,No
384777,Male,Black/African American,Non-Hispanic/Non-Latino,No
386677,Female,Black/African American,Non-Hispanic/Non-Latino,No
333630,Male,Black/African American,Non-Hispanic/Non-Latino,No
355220,Male,Black/African American,Non-Hispanic/Non-Latino,No
212916,Male,Black/African American,Non-Hispanic/Non-Latino,No
385459,Female,Black/African American,Non-Hispanic/Non-Latino,No
367285,Male,Black/African American,Non-Hispanic/Non-Latino,No
378312,Male,Black/African American,Non-Hispanic/Non-Latino,No
291392,Male,Black/African American,Non-Hispanic/Non-Latino,Yes
385539,Male,Black/African American,Non-Hispanic/Non-Latino,Yes
360237,Male,Black/African American,Non-Hispanic/Non-Latino,Yes
381763,Male,White,Non-Hispanic/Non-Latino,Yes
143061,Male,Black/African American,Non-Hispanic/Non-Latino,Yes
407001,Male,White,Non-Hispanic/Non-Latino,Yes
167439,Male,Black/African American,Non-Hispanic/Non-Latino,Yes
167911,Male,Black/African American,Non-Hispanic/Non-Latino,Yes
403469,Male,Black/African American,Non-Hispanic/Non-Latino,Yes
299942,Male,Black/African American,Non-Hispanic/Non-Latino,Yes
184306,Male,Black/African American,Non-Hispanic/Non-Latino,Yes
123882,Male,Black/African American,Non-Hispanic/Non-Latino,Yes
411383,Male,Black/African American,Non-Hispanic/Non-Latino,Yes
168881,Male,Black/African American,Non-Hispanic/Non-Latino,Yes
331491,Male,Black/African American,Non-Hispanic/Non-Latino,Yes
70856,Male,Black/African American,Non-Hispanic/Non-Latino,Yes
160833,Male,Black/African American,Non-Hispanic/Non-Latino,Yes
396254,Male,Black/African American,Non-Hispanic/Non-Latino,Yes
415102,Male,White,Non-Hispanic/Non-Latino,Yes
164121,Male,Black/African American,Non-Hispanic/Non-Latino,Yes
416394,Male,Black/African American,Non-Hispanic/Non-Latino,Yes
373728,Male,Black/African American,Non-Hispanic/Non-Latino,Yes
410155,Male,Black/African American,Non-Hispanic/Non-Latino,Yes
417655,Male,White,Non-Hispanic/Non-Latino,Yes
111217,Male,Black/African American,Non-Hispanic/Non-Latino,Yes
411652,Male,White,Non-Hispanic/Non-Latino,Yes
149513,Male,Black/African American,Non-Hispanic/Non-Latino,Yes
179960,Male,Black/African American,Non-Hispanic/Non-Latino,Yes
217579,Male,Black/African American,Non-Hispanic/Non-Latino,Yes
419525,Male,Black/African American,Non-Hispanic/Non-Latino,Yes
420019,Male,Black/African American,Non-Hispanic/Non-Latino,Yes
323558,Male,Black/African American,Non-Hispanic/Non-Latino,Yes
250273,Male,White,Non-Hispanic/Non-Latino,Yes
420997,Male,White,Non-Hispanic/Non-Latino,Yes
419911,Male,Black/African American,Non-Hispanic/Non-Latino,Yes
421434,Female,Black/African American,Non-Hispanic/Non-Latino,Yes
373730,Male,Black/African American,Non-Hispanic/Non-Latino,Yes
274376,Male,Black/African American,Non-Hispanic/Non-Latino,Yes
421813,Male,Black/African American,Non-Hispanic/Non-Latino,Yes
421788,Male,Black/African American,Non-Hispanic/Non-Latino,Yes
366028,Male,Black/African American,Non-Hispanic/Non-Latino,Yes
337991,Male,Black/African American,Non-Hispanic/Non-Latino,Yes
265976,Male,Black/African American,Non-Hispanic/Non-Latino,Yes
424179,Male,Black/African American,Non-Hispanic/Non-Latino,Yes
154406,Male,Black/African American,Non-Hispanic/Non-Latino,Yes
426181,Male,White,Non-Hispanic/Non-Latino,Yes
133240,Male,Black/African American,Non-Hispanic/Non-Latino,Yes
181716,Male,Black/African American,Non-Hispanic/Non-Latino,Yes
427535,Male,Black/African American,Non-Hispanic/Non-Latino,Yes
127418,Male,Black/African American,Non-Hispanic/Non-Latino,Yes
418616,Female,Black/African American,Non-Hispanic/Non-Latino,Yes
180107,Male,White,Non-Hispanic/Non-Latino,Yes
349278,Male,Black/African American,Non-Hispanic/Non-Latino,Yes
382261,Male,Black/African American,Non-Hispanic/Non-Latino,Yes
201545,Male,Black/African American,Non-Hispanic/Non-Latino,Yes
224968,Male,Black/African American,Non-Hispanic/Non-Latino,Yes
434193,Male,Black/African American,Non-Hispanic/Non-Latino,Yes
434699,Male,White,Non-Hispanic/Non-Latino,Yes
434700,Male,American Indian or Alaska Native,Non-Hispanic/Non-Latino,Yes
436016,Male,Black/African American,Non-Hispanic/Non-Latino,Yes
437376,Male,Black/African American,Non-Hispanic/Non-Latino,Yes
154253,Male,White,Non-Hispanic/Non-Latino,Yes
203189,Male,Black/African American,Non-Hispanic/Non-Latino,Yes
382535,Male,Black/African American,Non-Hispanic/Non-Latino,Yes
227088,Male,White,Non-Hispanic/Non-Latino,Yes
440230,Male,Black/African American,Non-Hispanic/Non-Latino,Yes
100388,Male,White,Non-Hispanic/Non-Latino,Yes
1096,Male,Black/African American,Non-Hispanic/Non-Latino,Yes
443341,Male,White,Non-Hispanic/Non-Latino,Yes
448742,Male,Black/African American,Non-Hispanic/Non-Latino,Yes
444026,Male,Black/African American,Non-Hispanic/Non-Latino,Yes
4064,Male,Black/African American,Non-Hispanic/Non-Latino,Yes
444360,Male,Black/African American,Non-Hispanic/Non-Latino,Yes
67408,Male,Black/African American,Non-Hispanic/Non-Latino,Yes
118116,Male,Black/African American,Non-Hispanic/Non-Latino,Yes
439184,Male,Black/African American,Non-Hispanic/Non-Latino,Yes
444667,Male,White,Non-Hispanic/Non-Latino,Yes
335080,Male,Black/African American,Non-Hispanic/Non-Latino,Yes
140619,Male,Black/African American,Hispanic/Latino,Yes
375815,Male,White,Non-Hispanic/Non-Latino,Yes
141979,Male,Black/African American,Non-Hispanic/Non-Latino,Yes
445701,Male,Black/African American,Non-Hispanic/Non-Latino,Yes
420149,Male,Black/African American,Non-Hispanic/Non-Latino,Yes
365574,Male,Black/African American,Non-Hispanic/Non-Latino,Yes
186593,Male,Black/African American,Non-Hispanic/Non-Latino,Yes
448799,Male,Black/African American,Non-Hispanic/Non-Latino,Yes
385243,Male,Black/African American,Non-Hispanic/Non-Latino,Yes
449958,Male,Black/African American,Non-Hispanic/Non-Latino,Yes
120580,Male,Black/African American,Non-Hispanic/Non-Latino,Yes
72612,Male,Black/African American,Non-Hispanic/Non-Latino,Yes
447171,Male,White,Non-Hispanic/Non-Latino,Yes
334496,Female,Black/African American,Non-Hispanic/Non-Latino,Yes
215248,Male,Black/African American,Non-Hispanic/Non-Latino,Yes
184846,Male,Black/African American,Non-Hispanic/Non-Latino,Yes
451797,Male,White,Non-Hispanic/Non-Latino,Yes
452581,Female,Black/African American,Non-Hispanic/Non-Latino,Yes
193575,Male,Black/African American,Non-Hispanic/Non-Latino,Yes
453208,Male,Black/African American,Non-Hispanic/Non-Latino,Yes
454737,Male,Black/African American,Non-Hispanic/Non-Latino,Yes
222747,Male,Black/African American,Non-Hispanic/Non-Latino,Yes
455775,Male,Black/African American,Non-Hispanic/Non-Latino,Yes
444293,Male,Black/African American,Non-Hispanic/Non-Latino,Yes
190363,Male,White,Non-Hispanic/Non-Latino,Yes
208782,Male,White,Non-Hispanic/Non-Latino,Yes
98579,Male,Black/African American,Non-Hispanic/Non-Latino,Yes
425239,Male,Black/African American,Non-Hispanic/Non-Latino,Yes
430223,Male,Black/African American,Non-Hispanic/Non-Latino,Yes
173477,Male,White,Non-Hispanic/Non-Latino,Yes
420712,Male,Black/African American,Non-Hispanic/Non-Latino,Yes
442585,Male,Black/African American,Non-Hispanic/Non-Latino,Yes
409835,Male,Black/African American,Non-Hispanic/Non-Latino,Yes
190705,Male,Black/African American,Non-Hispanic/Non-Latino,Yes
455984,Male,Black/African American,Non-Hispanic/Non-Latino,Yes
215484,Male,Black/African American,Non-Hispanic/Non-Latino,Yes
469497,Male,Black/African American,Non-Hispanic/Non-Latino,Yes
394449,Male,Black/African American,Non-Hispanic/Non-Latino,Yes
458135,Male,Black/African American,Non-Hispanic/Non-Latino,Yes
4347,Male,Black/African American,Non-Hispanic/Non-Latino,Yes
281380,Male,Black/African American,Non-Hispanic/Non-Latino,Yes
98566,Male,Black/African American,Non-Hispanic/Non-Latino,Yes
362887,Female,White,Hispanic/Latino,Yes
476863,Male,Black/African American,Non-Hispanic/Non-Latino,Yes
452947,Male,White,Non-Hispanic/Non-Latino,Yes
478519,Male,Black/African American,Non-Hispanic/Non-Latino,Yes
478890,Male,Black/African American,Non-Hispanic/Non-Latino,Yes
443052,Male,Black/African American,Non-Hispanic/Non-Latino,Yes
272559,Male,Black/African American,Non-Hispanic/Non-Latino,Yes
293739,Male,Black/African American,Non-Hispanic/Non-Latino,Yes
167781,Male,Black/African American,Non-Hispanic/Non-Latino,Yes
284328,Male,Black/African American,Non-Hispanic/Non-Latino,Yes
483773,Male,Black/African American,Non-Hispanic/Non-Latino,Yes
484674,Male,Black/African American,Non-Hispanic/Non-Latino,Yes
374609,Female,Black/African American,Non-Hispanic/Non-Latino,Yes
211998,Male,Black/African American,Non-Hispanic/Non-Latino,Yes
487992,Male,Black/African American,Non-Hispanic/Non-Latino,Yes
129902,Male,Black/African American,Non-Hispanic/Non-Latino,Yes
419389,Male,Black/African American,Non-Hispanic/Non-Latino,Yes
348889,Male,Black/African American,Non-Hispanic/Non-Latino,Yes
405977,Male,Black/African American,Non-Hispanic/Non-Latino,Yes
488936,Male,Black/African American,Non-Hispanic/Non-Latino,Yes
493476,Male,White,Non-Hispanic/Non-Latino,Yes
494120,Female,American Indian or Alaska Native,Non-Hispanic/Non-Latino,Yes
332565,Male,Black/African American,Non-Hispanic/Non-Latino,Yes
498675,Male,Black/African American,Non-Hispanic/Non-Latino,Yes
501203,Male,Native Hawaiian/Pacific Islander,Non-Hispanic/Non-Latino,Yes
19369,Male,Black/African American,Non-Hispanic/Non-Latino,Yes
503403,Male,Black/African American,Non-Hispanic/Non-Latino,Yes
503688,Male,Black/African American,Non-Hispanic/Non-Latino,Yes
503401,Male,White,Non-Hispanic/Non-Latino,Yes
398673,Male,White,Non-Hispanic/Non-Latino,Yes
286184,Male,White,Non-Hispanic/Non-Latino,Yes
508798,Male,Black/African American,Non-Hispanic/Non-Latino,Yes
509869,Female,American Indian or Alaska Native,Non-Hispanic/Non-Latino,Yes
510435,Trans Female,White,Non-Hispanic/Non-Latino,Yes
439931,Male,Black/African American,Non-Hispanic/Non-Latino,Yes
209444,Male,Black/African American,Non-Hispanic/Non-Latino,Yes
167802,Male,Black/African American,Non-Hispanic/Non-Latino,Yes
326742,Male,White,Non-Hispanic/Non-Latino,Yes
340296,Male,Black/African American,Non-Hispanic/Non-Latino,Yes
83289,Male,Black/African American,Non-Hispanic/Non-Latino,Yes
511675,Male,White,Non-Hispanic/Non-Latino,Yes
1002542,Female,Black/African American,Non-Hispanic/Non-Latino,Yes
389599,Male,Black/African American,Non-Hispanic/Non-Latino,Yes
178516,Male,Black/African American,Non-Hispanic/Non-Latino,Yes
391122,Male,American Indian or Alaska Native,Non-Hispanic/Non-Latino,Yes
189093,Male,Black/African American,Non-Hispanic/Non-Latino,Yes
369588,Male,Black/African American,Non-Hispanic/Non-Latino,Yes
299943,Male,Black/African American,Non-Hispanic/Non-Latino,Yes
392382,Male,Black/African American,Non-Hispanic/Non-Latino,Yes
393036,Male,Black/African American,Non-Hispanic/Non-Latino,Yes
374526,Male,Black/African American,Non-Hispanic/Non-Latino,Yes
395020,Male,Black/African American,Non-Hispanic/Non-Latino,Yes
182504,Male,Black/African American,Non-Hispanic/Non-Latino,Yes
96427,Male,Black/African American,Non-Hispanic/Non-Latino,Yes
370291,Male,Black/African American,Non-Hispanic/Non-Latino,Yes
396973,Female,Black/African American,Non-Hispanic/Non-Latino,Yes
173498,Male,Black/African American,Non-Hispanic/Non-Latino,Yes
215821,Male,Black/African American,Non-Hispanic/Non-Latino,Yes
175198,Male,Black/African American,Non-Hispanic/Non-Latino,Yes
382886,Male,Black/African American,Non-Hispanic/Non-Latino,Yes
401495,Male,Black/African American,Non-Hispanic/Non-Latino,Yes
188182,Male,Black/African American,Non-Hispanic/Non-Latino,Yes
401978,Male,White,Non-Hispanic/Non-Latino,Yes
405919,Male,White,Non-Hispanic/Non-Latino,Yes
